Name, Theo_Area, Wet_Area, Theo_Vol, Wet_Vol
fuselage,3086.368393,2499.517204,5617.037687,4833.911062
wing,6798.928964,6008.184746,3620.814157,3400.102109
htail,558.418884,531.359791,67.974292,67.974292
htail,558.418884,531.359791,67.974292,67.974292
Totals,11002.135125,9570.421532,9373.800429,8369.961762

Tag_Name, Tag_Theo_Area, Tag_Wet_Area
fuselage_S_Surf0,3086.368393,2499.517204
wing_S_Surf0,3399.464482,3004.092373
wing_S_Surf1,3399.464482,3004.092373
htail_S_Surf0,558.418884,531.359791
htail_S_Surf1,558.418884,531.359791
