Name, Theo_Area, Wet_Area, Theo_Vol, Wet_Vol
BORGeom,136.152241,134.893329,82.508625,82.334953
BORGeom,6.802802,1.447452,1.317646,0.282380
Totals,142.955043,136.340781,83.826271,82.617333

Tag_Name, Tag_Theo_Area, Tag_Wet_Area
BORGeom_S_Surf0,136.152241,134.893329
BORGeom_S_Surf0,6.802802,1.447452
