Name, Theo_Area, Wet_Area, Theo_Vol, Wet_Vol
BORGeom,6.802802,2.472444,1.317646,0.484528
MeshGeom,136.375473,134.525720,82.650352,82.488855
Totals,143.178275,136.998163,83.967998,82.973383

Tag_Name, Tag_Theo_Area, Tag_Wet_Area
BORGeom_S_Surf0,6.802802,2.472444
MeshGeom_S_Surf0,136.375473,134.525720
