Name, Theo_Area, Wet_Area, Theo_Vol, Wet_Vol
fuselage,3092.228041,2508.629109,5630.884291,4852.479790
wing,6798.536686,6000.584629,3610.273217,3384.857409
htail,558.899652,532.456684,72.682431,72.682431
htail,558.899652,532.456684,72.682431,72.682431
Totals,11008.564031,9574.127105,9386.522370,8382.702070

Tag_Name, Tag_Theo_Area, Tag_Wet_Area
fuselage_S_Surf0,3092.228041,2508.629109
wing_S_Surf0,3399.268343,3000.292314
wing_S_Surf1,3399.268343,3000.292314
htail_S_Surf0,558.899652,532.456684
htail_S_Surf1,558.899652,532.456684
