Name, Theo_Area, Wet_Area, Theo_Vol, Wet_Vol
htail,558.899652,558.899652,72.682431,72.682431
htail,558.899652,558.899652,72.682431,72.682431
Totals,1117.799304,1117.799304,145.364862,145.364862

Tag_Name, Tag_Theo_Area, Tag_Wet_Area
htail_S_Surf0,558.899652,558.899652
htail_S_Surf1,558.899652,558.899652
